date,total_articles,war_articles,war_pct,conflict,kw_ukraine,kw_russia,kw_war,kw_conflict,kw_bomb,kw_attack,kw_kyiv,kw_moscow,kw_invasion,kw_nato,war_pct_7d,war_articles_7d,kw_gaza,kw_israel,kw_hamas,kw_palestin,kw_rafah,kw_west bank,kw_iran,kw_strike,kw_tehran,kw_missile,kw_nuclear
2022-01-01,608105,48656,8.0012,Russia_Ukraine,6504.0,8108.0,25270,816,352.0,4357,0.0,448.0,1720.0,1081.0,8.3244,71162.0,,,,,,,,,,,
2022-01-02,656167,46750,7.1247,Russia_Ukraine,6483.0,10712.0,20600,401,1391.0,6191,0.0,139.0,339.0,494.0,8.25,77147.8,,,,,,,,,,,
2022-01-03,950852,101985,10.7256,Russia_Ukraine,28460.0,35434.0,20992,4148,1276.0,7410,885.0,661.0,800.0,1919.0,8.6148,87746.2,,,,,,,,,,,
2022-01-04,1171886,87257,7.4459,Russia_Ukraine,10055.0,18952.0,33668,1095,1678.0,12439,725.0,461.0,310.0,7874.0,8.7958,93803.0,,,,,,,,,,,
2022-01-05,1271153,101091,7.9527,Russia_Ukraine,10715.0,16328.0,34715,1595,4726.0,19822,238.0,4374.0,3517.0,5061.0,9.6223,102937.4,,,,,,,,,,,
2022-01-06,1348204,140738,10.4389,Russia_Ukraine,11006.0,44478.0,43928,1091,3350.0,27866,191.0,2235.0,2456.0,4137.0,10.8168,112001.3,,,,,,,,,,,
2022-01-07,1317020,130144,9.8817,Russia_Ukraine,10887.0,31163.0,46021,4722,6358.0,14614,368.0,572.0,567.0,14872.0,11.6364,124261.0,,,,,,,,,,,
2022-01-08,816732,112597,13.7863,Russia_Ukraine,9106.0,41632.0,38078,752,1738.0,11020,2102.0,482.0,189.0,7498.0,11.8404,128146.7,,,,,,,,,,,
2022-01-09,711564,110197,15.4866,Russia_Ukraine,17173.0,51266.0,21197,567,753.0,14433,0.0,493.0,709.0,3606.0,12.5045,138706.3,,,,,,,,,,,
2022-01-10,1140767,187803,16.4629,Russia_Ukraine,55160.0,78425.0,31730,1377,850.0,9185,259.0,1345.0,1059.0,8413.0,12.635,141442.7,,,,,,,,,,,
2022-01-11,1289883,114457,8.8734,Russia_Ukraine,17247.0,39442.0,32950,2125,1753.0,7879,230.0,1233.0,653.0,10945.0,13.3766,151718.4,,,,,,,,,,,
2022-01-12,1388742,175008,12.6019,Russia_Ukraine,26917.0,53058.0,46368,2359,2433.0,11526,1090.0,2351.0,1189.0,27717.0,13.3245,152387.9,,,,,,,,,,,
2022-01-13,1408465,159893,11.3523,Russia_Ukraine,23840.0,43268.0,53845,2131,3512.0,11125,285.0,3292.0,1596.0,16999.0,13.8872,158322.1,,,,,,,,,,,
2022-01-14,1340652,202074,15.0728,Russia_Ukraine,43467.0,53602.0,53451,3414,1595.0,27580,270.0,3144.0,4201.0,11350.0,13.8613,157016.3,,,,,,,,,,,
2022-01-15,873833,117283,13.4217,Russia_Ukraine,25081.0,34015.0,30682,2062,718.0,11672,341.0,966.0,1788.0,9958.0,15.2579,176164.7,,,,,,,,,,,
2022-01-16,781127,151737,19.4254,Russia_Ukraine,40163.0,28310.0,39929,498,1409.0,27323,343.0,92.0,8702.0,4968.0,17.1436,204808.4,,,,,,,,,,,
2022-01-17,1097325,178662,16.2816,Russia_Ukraine,47100.0,41976.0,31154,885,1238.0,46839,804.0,2111.0,1769.0,4786.0,18.4243,227914.6,,,,,,,,,,,
2022-01-18,1332441,248496,18.6497,Russia_Ukraine,72576.0,61533.0,51588,1473,2611.0,32589,8485.0,2552.0,6952.0,8137.0,19.8073,247966.1,,,,,,,,,,,
2022-01-19,1455387,375514,25.8017,Russia_Ukraine,113418.0,134391.0,61049,2516,2928.0,31051,4497.0,3644.0,6832.0,15188.0,20.5773,257569.6,,,,,,,,,,,
2022-01-20,1583050,321636,20.3175,Russia_Ukraine,106038.0,92227.0,49624,3898,3845.0,21751,1232.0,22758.0,9200.0,11063.0,20.7482,260124.6,,,,,,,,,,,
2022-01-21,1383394,342435,24.7533,Russia_Ukraine,109137.0,125345.0,65009,3331,2438.0,18580,273.0,2374.0,5630.0,10318.0,22.6528,292631.9,,,,,,,,,,,
2022-01-22,980812,184507,18.8117,Russia_Ukraine,62336.0,61554.0,27517,2140,1557.0,9835,2008.0,3554.0,3254.0,10752.0,23.7385,310853.1,,,,,,,,,,,
2022-01-23,822531,169622,20.622,Russia_Ukraine,67168.0,57428.0,20527,2166,1258.0,9735,1405.0,6226.0,1180.0,2529.0,24.0102,315821.6,,,,,,,,,,,
2022-01-24,1371709,406213,29.6136,Russia_Ukraine,123285.0,115042.0,71857,2263,11629.0,21251,14326.0,1273.0,21132.0,24155.0,23.948,311144.4,,,,,,,,,,,
2022-01-25,1432568,376045,26.2497,Russia_Ukraine,101298.0,125035.0,61327,5812,5725.0,19528,8755.0,969.0,24964.0,22632.0,23.7117,308995.4,,,,,,,,,,,
2022-01-26,1481017,410293,27.7035,Russia_Ukraine,128349.0,143702.0,50627,5470,7487.0,24173,2352.0,581.0,31476.0,16076.0,24.1823,309502.7,,,,,,,,,,,
2022-01-27,1453021,288896,19.8824,Russia_Ukraine,86577.0,95482.0,47536,7590,1501.0,12947,460.0,1497.0,11948.0,23358.0,24.678,313868.4,,,,,,,,,,,
2022-01-28,1417358,327392,23.0988,Russia_Ukraine,100957.0,102865.0,70456,9905,2264.0,19495,1004.0,2897.0,6730.0,10819.0,23.5799,292584.6,,,,,,,,,,,
2022-01-29,850700,188058,22.1063,Russia_Ukraine,58629.0,56193.0,30189,9555,882.0,10579,1833.0,1089.0,9480.0,9629.0,23.2409,287916.1,,,,,,,,,,,
2022-01-30,830923,200182,24.0915,Russia_Ukraine,51786.0,73790.0,23808,1488,1891.0,22563,181.0,1338.0,1893.0,21444.0,22.1633,269974.6,,,,,,,,,,,
2022-01-31,1173098,257226,21.9271,Russia_Ukraine,93443.0,71029.0,33182,1876,6641.0,24870,1405.0,7007.0,2066.0,15707.0,21.8881,264894.7,,,,,,,,,,,
2022-02-01,1438070,343366,23.8769,Russia_Ukraine,127704.0,102898.0,48614,2398,11525.0,13603,19296.0,2508.0,2974.0,11846.0,21.2259,251386.7,,,,,,,,,,,
2022-02-02,1412186,284702,20.1604,Russia_Ukraine,72987.0,100230.0,56521,6130,4966.0,16156,1716.0,1632.0,5458.0,18906.0,22.1946,264361.3,,,,,,,,,,,
2022-02-03,1410896,253337,17.9558,Russia_Ukraine,64994.0,67128.0,55405,2045,6226.0,19144,368.0,1568.0,5004.0,31455.0,22.7804,267817.6,,,,,,,,,,,
2022-02-04,1261079,232836,18.4632,Russia_Ukraine,51355.0,72727.0,39055,1472,5106.0,36608,1912.0,3603.0,8650.0,12348.0,24.5793,292061.0,,,,,,,,,,,
2022-02-05,965417,278880,28.887,Russia_Ukraine,77590.0,86656.0,40652,572,31492.0,7488,4382.0,3807.0,3826.0,22415.0,24.4746,289600.6,,,,,,,,,,,
2022-02-06,795866,224376,28.1927,Russia_Ukraine,77257.0,81896.0,18616,2347,6840.0,14267,1041.0,471.0,18282.0,3359.0,24.1946,284882.6,,,,,,,,,,,
2022-02-07,1236795,426930,34.5191,Russia_Ukraine,156953.0,70704.0,57509,3077,5609.0,10708,832.0,103370.0,10679.0,7489.0,24.4244,290792.0,,,,,,,,,,,
2022-02-08,1409185,326143,23.1441,Russia_Ukraine,97603.0,92464.0,70755,1354,5568.0,16648,11861.0,9966.0,4339.0,15585.0,25.9325,316515.3,,,,,,,,,,,
2022-02-09,1382818,251676,18.2002,Russia_Ukraine,78043.0,63936.0,54804,2967,5818.0,13596,1383.0,16838.0,4782.0,9509.0,32.3842,399324.9,,,,,,,,,,,
2022-02-10,1506290,294703,19.5648,Russia_Ukraine,100906.0,69224.0,58277,2659,5977.0,16134,567.0,20395.0,6826.0,13738.0,35.7032,433462.1,,,,,,,,,,,
2022-02-11,1422814,412899,29.0199,Russia_Ukraine,146391.0,99962.0,82512,1205,2930.0,13714,582.0,26007.0,16654.0,22942.0,36.7712,451309.7,,,,,,,,,,,
2022-02-12,1159432,858547,74.0489,Russia_Ukraine,368436.0,214983.0,147967,2155,1307.0,21164,10808.0,2192.0,85330.0,4205.0,38.7257,483358.7,,,,,,,,,,,
2022-02-13,900984,463337,51.4257,Russia_Ukraine,174273.0,86491.0,95613,1891,1826.0,29324,4412.0,902.0,66548.0,2057.0,40.443,510464.9,,,,,,,,,,,
2022-02-14,1314129,551863,41.9946,Russia_Ukraine,216131.0,152102.0,93042,3185,2231.0,21223,16681.0,7003.0,29188.0,11077.0,44.3305,572716.4,,,,,,,,,,,
2022-02-15,1494824,550486,36.8261,Russia_Ukraine,216861.0,178173.0,73941,2475,2780.0,12785,5542.0,10587.0,24585.0,22757.0,44.7176,579888.6,,,,,,,,,,,
2022-02-16,1460635,441419,30.221,Russia_Ukraine,137056.0,139326.0,66030,2620,2548.0,25415,1655.0,2030.0,13671.0,51068.0,40.9936,524703.3,,,,,,,,,,,
2022-02-17,1561575,730464,46.7774,Russia_Ukraine,250948.0,281269.0,88952,3820,4905.0,23327,2835.0,3662.0,16285.0,54461.0,41.6781,523005.4,,,,,,,,,,,
2022-02-18,1459546,463104,31.7293,Russia_Ukraine,157944.0,144353.0,79151,3990,4282.0,13862,3441.0,5932.0,29073.0,21076.0,41.8927,520904.4,,,,,,,,,,,
2022-02-19,984236,472250,47.9814,Russia_Ukraine,190508.0,155947.0,40803,9072,3878.0,23633,3244.0,2170.0,36765.0,6230.0,45.0312,586918.3,,,,,,,,,,,
2022-02-20,803051,451452,56.2171,Russia_Ukraine,156709.0,142740.0,65000,2454,5311.0,11317,1870.0,1733.0,57089.0,7229.0,47.3494,630726.6,,,,,,,,,,,
2022-02-21,1234942,537156,43.4965,Russia_Ukraine,203900.0,139399.0,102255,14303,1543.0,20931,6247.0,7440.0,31670.0,9468.0,56.0579,865385.6,,,,,,,,,,,
2022-02-22,1722209,1012583,58.7956,Russia_Ukraine,454188.0,354637.0,108389,12293,1593.0,13556,6644.0,13281.0,38980.0,9022.0,65.3404,1103153.4,,,,,,,,,,,
2022-02-23,1610551,748077,46.4485,Russia_Ukraine,300227.0,291325.0,56730,8998,2327.0,25268,3080.0,12894.0,38797.0,8431.0,74.3649,1295232.3,,,,,,,,,,,
2022-02-24,2202655,2373077,107.7371,Russia_Ukraine,842278.0,770170.0,247812,34718,5354.0,218321,15639.0,14420.0,141495.0,82870.0,80.5557,1417343.7,,,,,,,,,,,
2022-02-25,2199938,2127479,96.7063,Russia_Ukraine,679742.0,713734.0,197338,18798,6655.0,120696,94761.0,22052.0,202901.0,70802.0,85.2376,1511417.1,,,,,,,,,,,
2022-02-26,1634498,1816802,111.1535,Russia_Ukraine,364381.0,704844.0,117172,13886,7167.0,362424,113390.0,5479.0,104954.0,23105.0,86.7849,1533002.6,,,,,,,,,,,
2022-02-27,1312109,1306232,99.5521,Russia_Ukraine,462586.0,537418.0,102817,10256,4983.0,44364,31814.0,3762.0,96123.0,12109.0,90.5585,1612700.4,,,,,,,,,,,
2022-02-28,1567684,1195670,76.2698,Russia_Ukraine,454246.0,444429.0,149489,18583,2716.0,13402,13449.0,8933.0,82429.0,7994.0,84.0673,1430063.0,,,,,,,,,,,
2022-03-01,1671312,1163681,69.6268,Russia_Ukraine,403271.0,392117.0,141754,15842,16234.0,42064,49510.0,5223.0,73951.0,23715.0,78.7282,1259902.6,,,,,,,,,,,
2022-03-02,1792324,1305962,72.8642,Russia_Ukraine,434214.0,451236.0,187215,23602,14667.0,94176,22459.0,3563.0,57875.0,16955.0,74.9392,1170260.4,,,,,,,,,,,
2022-03-03,1757042,1094615,62.2987,Russia_Ukraine,379364.0,357381.0,192296,19833,9261.0,22458,19219.0,10217.0,59616.0,24970.0,71.4466,1132995.1,,,,,,,,,,,
2022-03-04,1578150,936356,59.3325,Russia_Ukraine,328726.0,294369.0,130356,18203,35524.0,42971,6909.0,2636.0,47163.0,29499.0,70.8068,1124805.0,,,,,,,,,,,
2022-03-05,1405298,1189307,84.6302,Russia_Ukraine,396902.0,348722.0,177756,9525,51634.0,71205,10855.0,9078.0,41103.0,72527.0,68.7954,1094922.1,,,,,,,,,,,
2022-03-06,1391897,1045375,75.1043,Russia_Ukraine,395272.0,391192.0,113223,7240,7059.0,46663,21751.0,20802.0,29421.0,12752.0,65.8827,1041793.1,,,,,,,,,,,
2022-03-07,1585626,1138339,71.7911,Russia_Ukraine,372615.0,434542.0,171674,12375,11174.0,28476,11201.0,17220.0,35985.0,43077.0,64.6209,1013964.4,,,,,,,,,,,
2022-03-08,1718371,954501,55.5469,Russia_Ukraine,316056.0,370745.0,129638,15364,8724.0,16377,7261.0,41182.0,27272.0,21882.0,64.2776,1009050.4,,,,,,,,,,,
2022-03-09,1780001,934059,52.4752,Russia_Ukraine,355923.0,301408.0,154463,17435,11432.0,25657,16166.0,4009.0,29353.0,18213.0,62.2324,962543.9,,,,,,,,,,,
2022-03-10,1682962,899814,53.4661,Russia_Ukraine,357801.0,270235.0,161460,9893,20616.0,29591,12615.0,1694.0,19217.0,16692.0,60.3294,904868.3,,,,,,,,,,,
2022-03-11,1584350,901958,56.9292,Russia_Ukraine,293667.0,318383.0,131259,10116,8224.0,61257,21133.0,5801.0,31872.0,20246.0,58.5712,871578.6,,,,,,,,,,,
2022-03-12,1228439,863761,70.3137,Russia_Ukraine,254132.0,293316.0,189167,11622,5774.0,30469,35113.0,1811.0,14170.0,28187.0,59.9564,896357.9,,,,,,,,,,,
2022-03-13,1038534,641646,61.7838,Russia_Ukraine,236024.0,205123.0,104971,7004,5158.0,23524,16041.0,3514.0,23062.0,17225.0,59.3943,877953.7,,,,,,,,,,,
2022-03-14,1521958,905311,59.4833,Russia_Ukraine,299402.0,323733.0,143127,16383,10169.0,27491,26173.0,6704.0,31513.0,20616.0,59.657,886132.9,,,,,,,,,,,
2022-03-15,1728846,1127956,65.2433,Russia_Ukraine,324224.0,388864.0,242513,14039,9979.0,41737,47065.0,5055.0,29029.0,25451.0,58.6329,859806.0,,,,,,,,,,,
2022-03-16,1658870,805230,48.5409,Russia_Ukraine,283447.0,234149.0,144615,7411,8343.0,29518,43303.0,3562.0,25530.0,25352.0,57.2785,824522.1,,,,,,,,,,,
2022-03-17,1730541,957068,55.3046,Russia_Ukraine,326380.0,275236.0,199846,18593,13977.0,54509,8309.0,5570.0,16976.0,37672.0,55.7413,802329.0,,,,,,,,,,,
2022-03-18,1442248,717670,49.7605,Russia_Ukraine,237596.0,249833.0,122147,8171,9194.0,54796,4467.0,8976.0,12973.0,9517.0,55.0601,788760.4,,,,,,,,,,,
2022-03-19,1013874,616774,60.8334,Russia_Ukraine,199337.0,204477.0,115249,10689,4785.0,31576,5263.0,2921.0,17519.0,24958.0,51.4748,715329.4,,,,,,,,,,,
2022-03-20,953085,486294,51.0232,Russia_Ukraine,156763.0,147577.0,97267,8569,27542.0,20453,4591.0,3015.0,13412.0,7105.0,50.519,694986.0,,,,,,,,,,,
2022-03-21,1481009,810331,54.7148,Russia_Ukraine,274959.0,258651.0,140730,7998,17826.0,15313,40750.0,18510.0,12069.0,23525.0,50.8134,695114.7,,,,,,,,,,,
2022-03-22,1529249,613939,40.1464,Russia_Ukraine,196738.0,178910.0,115021,8685,11337.0,42735,18375.0,1913.0,12152.0,28073.0,50.2385,694039.4,,,,,,,,,,,
2022-03-23,1583820,662826,41.8498,Russia_Ukraine,202694.0,207882.0,134758,9534,4532.0,23838,7397.0,4445.0,25364.0,42382.0,47.8873,670165.7,,,,,,,,,,,
2022-03-24,1669937,957969,57.3656,Russia_Ukraine,298432.0,288028.0,203511,16432,5046.0,15681,5281.0,9634.0,19559.0,96365.0,46.6231,652716.9,,,,,,,,,,,
2022-03-25,1552697,710143,45.7361,Russia_Ukraine,232413.0,209192.0,150180,9693,8819.0,16117,16203.0,24873.0,15770.0,26883.0,43.8149,609534.1,,,,,,,,,,,
2022-03-26,1013310,449658,44.3752,Russia_Ukraine,130668.0,120614.0,105370,7799,5278.0,23381,12184.0,8751.0,19425.0,16188.0,44.0503,619686.7,,,,,,,,,,,
2022-03-27,863454,364152,42.1739,Russia_Ukraine,135268.0,107032.0,66115,2621,1365.0,20145,4151.0,2386.0,13056.0,12013.0,44.2494,621785.9,,,,,,,,,,,
2022-03-28,1449217,508052,35.057,Russia_Ukraine,187489.0,176848.0,93960,2577,2387.0,21025,3211.0,3109.0,10437.0,7009.0,40.4378,552982.7,,,,,,,,,,,
2022-03-29,1638982,685007,41.7947,Russia_Ukraine,201284.0,259605.0,112634,10584,3294.0,36985,42562.0,1532.0,8392.0,8135.0,39.1307,530394.4,,,,,,,,,,,
2022-03-30,1566756,677520,43.2435,Russia_Ukraine,205930.0,223862.0,144314,5288,4576.0,39814,32479.0,7856.0,6518.0,6883.0,40.0027,547725.7,,,,,,,,,,,
2022-03-31,1552408,476347,30.6844,Russia_Ukraine,154108.0,159021.0,92627,5635,13231.0,17698,13192.0,5317.0,7450.0,8068.0,41.5258,564448.3,,,,,,,,,,,
2022-04-01,1508833,552025,36.5862,Russia_Ukraine,180974.0,193992.0,104244,5930,2229.0,28100,12099.0,5744.0,4377.0,14336.0,42.5843,573488.4,,,,,,,,,,,
2022-04-02,1131112,570977,50.4793,Russia_Ukraine,128649.0,267547.0,97615,3551,1977.0,26646,28295.0,1777.0,10460.0,4460.0,42.15,556461.9,,,,,,,,,,,
2022-04-03,910775,481210,52.8352,Russia_Ukraine,154011.0,179154.0,76619,3369,1339.0,16475,34764.0,330.0,8875.0,6274.0,42.122,552639.3,,,,,,,,,,,
2022-04-04,1345374,571333,42.4665,Russia_Ukraine,181475.0,194476.0,113545,2912,3080.0,21966,35262.0,1584.0,4876.0,12157.0,43.7384,577109.0,,,,,,,,,,,
2022-04-05,1460007,565821,38.7547,Russia_Ukraine,179650.0,210302.0,119063,2832,1215.0,12866,10818.0,2507.0,9828.0,16740.0,44.1362,577260.7,,,,,,,,,,,
2022-04-06,1511720,650762,43.0478,Russia_Ukraine,184017.0,257694.0,148512,6266,2195.0,10040,3842.0,11080.0,13864.0,13252.0,42.7958,554495.1,,,,,,,,,,,
2022-04-07,1542023,647635,41.999,Russia_Ukraine,203219.0,231358.0,137666,4589,1854.0,18740,7115.0,12022.0,7369.0,23703.0,41.7593,536127.6,,,,,,,,,,,
2022-04-08,1404818,553087,39.3707,Russia_Ukraine,166827.0,182134.0,105423,3305,8273.0,54962,6747.0,3282.0,7499.0,14635.0,40.4603,515722.6,,,,,,,,,,,
2022-04-09,1001581,411618,41.0968,Russia_Ukraine,142942.0,101796.0,62838,1936,4200.0,27674,54045.0,1335.0,6783.0,8069.0,39.4798,502267.3,,,,,,,,,,,
2022-04-10,773678,352637,45.5793,Russia_Ukraine,107998.0,118233.0,63208,3294,1079.0,24132,14917.0,5546.0,5684.0,8546.0,38.754,490972.6,,,,,,,,,,,
2022-04-11,1283932,428498,33.3739,Russia_Ukraine,131460.0,155649.0,83557,4206,1444.0,13045,10479.0,9378.0,5758.0,13522.0,38.0835,479749.4,,,,,,,,,,,
2022-04-12,1478900,471634,31.8909,Russia_Ukraine,136832.0,150195.0,107757,4239,2852.0,27612,5632.0,7770.0,17533.0,11212.0,38.0374,469807.1,,,,,,,,,,,
2022-04-13,1505755,571699,37.9676,Russia_Ukraine,179037.0,152111.0,134212,4560,7210.0,28294,6857.0,5740.0,33474.0,20204.0,38.3968,462105.1,,,,,,,,,,,
2022-04-14,1525437,569073,37.3056,Russia_Ukraine,184827.0,172131.0,125825,2377,2017.0,21957,17549.0,4949.0,4223.0,33218.0,36.0131,458129.4,,,,,,,,,,,
2022-04-15,1238217,483491,39.0474,Russia_Ukraine,108086.0,142027.0,131426,5754,1229.0,33548,28169.0,4155.0,6966.0,22131.0,36.1488,466097.3,,,,,,,,,,,
2022-04-17,820182,357704,43.6128,Russia_Ukraine,101697.0,126005.0,59999,2225,1939.0,19094,32961.0,2662.0,6341.0,4781.0,35.4279,453844.9,,,,,,,,,,,
2022-04-18,1124150,324807,28.8936,Russia_Ukraine,112493.0,89458.0,87984,3385,4335.0,12432,2114.0,1678.0,6292.0,4636.0,33.7691,428228.7,,,,,,,,,,,
2022-04-19,1410912,484273,34.3234,Russia_Ukraine,170765.0,178150.0,81830,2834,4272.0,28464,1370.0,1681.0,9140.0,5767.0,32.7064,407690.9,,,,,,,,,,,
2022-04-20,1437384,385867,26.8451,Russia_Ukraine,104356.0,134068.0,88929,3804,3902.0,33144,1676.0,3587.0,4794.0,7607.0,32.1659,383971.4,,,,,,,,,,,
2022-04-21,1488820,392386,26.3555,Russia_Ukraine,129337.0,122290.0,72564,3550,12143.0,24105,7333.0,5203.0,9994.0,5867.0,31.1658,377382.1,,,,,,,,,,,
2022-04-22,1424012,425308,29.8669,Russia_Ukraine,131095.0,127842.0,103347,1780,17133.0,16475,7317.0,4057.0,7135.0,9127.0,33.1943,417196.1,,,,,,,,,,,
2022-04-23,900225,317455,35.264,Russia_Ukraine,91015.0,103661.0,76969,3006,5159.0,15137,8574.0,4469.0,4942.0,4523.0,35.1694,458901.3,,,,,,,,,,,
2022-04-24,851031,311579,36.6119,Russia_Ukraine,111066.0,69423.0,57976,3171,6152.0,19744,30504.0,2032.0,6774.0,4737.0,35.8428,473154.0,,,,,,,,,,,
2022-04-25,1400469,603505,43.0931,Russia_Ukraine,211275.0,142113.0,105565,1948,6009.0,47858,65528.0,7537.0,7390.0,8282.0,37.2761,493667.6,,,,,,,,,,,
2022-04-26,1612092,776209,48.1492,Russia_Ukraine,232018.0,250926.0,157828,3959,4419.0,16239,45547.0,19537.0,20937.0,24799.0,38.9932,518685.9,,,,,,,,,,,
2022-04-27,1538809,485636,31.5592,Russia_Ukraine,113382.0,202804.0,98497,12987,8195.0,18955,2851.0,7950.0,2942.0,17073.0,39.3644,525172.1,,,,,,,,,,,
2022-04-28,1472941,535981,36.3885,Russia_Ukraine,177432.0,200889.0,96440,5417,3267.0,12256,5575.0,5490.0,3829.0,25386.0,39.8232,560771.0,,,,,,,,,,,
2022-04-29,1433479,600436,41.8866,Russia_Ukraine,179610.0,155545.0,104922,5004,5646.0,56673,71455.0,6005.0,4370.0,11206.0,39.1692,552224.2,,,,,,,,,,,
2022-04-30,958366,362859,37.8623,Russia_Ukraine,126375.0,125376.0,71247,2889,2710.0,11898,6562.0,3082.0,6008.0,6712.0,36.9242,496228.0,,,,,,,,,,,
2023-08-01,1695444,151582,8.9405,Israel_Gaza,,,76953,2069,10514.0,22740,,,,,7.861,138522.5,420.0,23812.0,1615.0,13459.0,0.0,0.0,,,,,
2023-08-02,1819392,127342,6.9992,Israel_Gaza,,,64437,3821,5890.0,26016,,,,,7.9053,128055.2,344.0,19642.0,1126.0,6066.0,0.0,0.0,,,,,
2023-08-03,1743971,144447,8.2826,Israel_Gaza,,,72149,11684,2274.0,18566,,,,,8.8329,127822.0,500.0,21325.0,507.0,17442.0,0.0,0.0,,,,,
2023-08-04,1810088,130719,7.2217,Israel_Gaza,,,74569,3027,3988.0,30830,,,,,8.9111,129131.9,160.0,11178.0,379.0,6588.0,0.0,0.0,,,,,
2023-08-05,1066330,86186,8.0825,Israel_Gaza,,,50222,2670,1400.0,17847,,,,,9.0084,129554.3,157.0,8340.0,113.0,5437.0,0.0,0.0,,,,,
2023-08-06,940208,126656,13.4711,Israel_Gaza,,,43213,5311,8095.0,37298,,,,,9.204,131716.4,866.0,19539.0,892.0,11442.0,0.0,0.0,,,,,
2023-08-07,1460446,136991,9.3801,Israel_Gaza,,,59828,1949,6982.0,32556,,,,,9.1421,131446.9,663.0,26903.0,398.0,7712.0,0.0,0.0,,,,,
2023-08-08,1606122,154539,9.6219,Israel_Gaza,,,89342,3287,3221.0,25765,,,,,9.238,132515.6,568.0,23094.0,1324.0,7938.0,0.0,0.0,,,,,
2023-08-09,1702571,142477,8.3683,Israel_Gaza,,,78183,2445,8149.0,30921,,,,,9.1329,131433.1,460.0,15668.0,1649.0,5002.0,0.0,0.0,,,,,
2023-08-10,1816250,142560,7.8491,Israel_Gaza,,,95379,3146,1960.0,16481,,,,,9.1153,130220.9,321.0,18939.0,630.0,5704.0,0.0,0.0,,,,,
2023-08-11,1750931,138200,7.8929,Israel_Gaza,,,80842,2057,4984.0,28494,,,,,8.8677,127072.9,144.0,14952.0,703.0,6024.0,0.0,0.0,,,,,
2023-08-12,1070010,78609,7.3466,Israel_Gaza,,,51335,947,3304.0,13376,,,,,8.5934,124487.4,0.0,6359.0,85.0,3203.0,0.0,0.0,,,,,
2023-08-13,885310,118170,13.3479,Israel_Gaza,,,59065,1369,7099.0,22444,,,,,8.3188,120002.1,0.0,20837.0,543.0,6813.0,0.0,0.0,,,,,
2023-08-14,1503183,114955,7.6474,Israel_Gaza,,,63454,1895,3722.0,24174,,,,,8.3335,118095.9,35.0,15529.0,262.0,5884.0,0.0,0.0,,,,,
2023-08-15,1771672,136441,7.7013,Israel_Gaza,,,91825,1911,5257.0,12808,,,,,8.4057,118979.9,519.0,16551.0,335.0,7235.0,0.0,0.0,,,,,
2023-08-16,1723094,111080,6.4465,Israel_Gaza,,,67507,1711,2110.0,20276,,,,,8.8683,124417.4,823.0,14802.0,216.0,3635.0,0.0,0.0,,,,,
2023-08-17,1625023,129216,7.9516,Israel_Gaza,,,65307,1985,3431.0,19757,,,,,8.8629,124645.6,508.0,28723.0,465.0,9040.0,0.0,0.0,,,,,
2023-08-18,1719220,144388,8.3985,Israel_Gaza,,,78775,1027,3983.0,34076,,,,,9.1054,130356.3,306.0,14549.0,213.0,11459.0,0.0,0.0,,,,,
2023-08-19,1102251,116672,10.5849,Israel_Gaza,,,64319,1275,2610.0,24881,,,,,9.072,131199.1,148.0,14382.0,89.0,8968.0,0.0,0.0,,,,,
2023-08-20,899819,119767,13.3101,Israel_Gaza,,,65925,854,3874.0,30416,,,,,9.1071,132268.6,232.0,14456.0,108.0,3902.0,0.0,0.0,,,,,
2023-08-21,1657961,154930,9.3446,Israel_Gaza,,,87438,3201,4056.0,22779,,,,,8.9149,131841.9,555.0,27746.0,398.0,8757.0,0.0,0.0,,,,,
2023-08-22,1906092,142341,7.4677,Israel_Gaza,,,75256,1811,4489.0,26966,,,,,8.6253,127091.1,381.0,21865.0,3145.0,8428.0,0.0,0.0,,,,,
2023-08-23,1771748,118566,6.692,Israel_Gaza,,,75252,1539,3175.0,20020,,,,,8.144,121909.7,334.0,14702.0,609.0,2935.0,0.0,0.0,,,,,
2023-08-24,1910777,126229,6.6062,Israel_Gaza,,,62740,6603,3333.0,22873,,,,,7.2542,114621.4,321.0,22863.0,715.0,6781.0,0.0,0.0,,,,,
2023-08-25,1744241,111133,6.3714,Israel_Gaza,,,63466,5415,5047.0,22635,,,,,7.2465,113288.4,1052.0,9575.0,990.0,2953.0,0.0,0.0,,,,,
2023-08-26,1114194,80402,7.2162,Israel_Gaza,,,51011,2851,2964.0,13223,,,,,7.1843,110323.6,376.0,6430.0,307.0,3240.0,0.0,0.0,,,,,
2023-08-27,970880,68749,7.0811,Israel_Gaza,,,30763,1915,916.0,16276,,,,,7.4964,116169.3,413.0,16021.0,838.0,1607.0,0.0,0.0,,,,,
2023-08-28,1567135,145599,9.2908,Israel_Gaza,,,70999,2214,1874.0,12238,,,,,7.6228,117535.3,263.0,54466.0,675.0,2870.0,0.0,0.0,,,,,
2023-08-29,1728888,121587,7.0327,Israel_Gaza,,,72298,3757,3999.0,15200,,,,,7.8757,121080.6,15.0,22203.0,357.0,3753.0,5.0,0.0,,,,,
2023-08-30,1796740,159486,8.8764,Israel_Gaza,,,80199,3142,11256.0,36212,,,,,8.2343,123521.4,4.0,20277.0,335.0,8061.0,0.0,0.0,,,,,
2023-08-31,1812799,135791,7.4907,Israel_Gaza,,,73307,2215,8216.0,15117,,,,,8.945,127451.1,206.0,23367.0,775.0,12588.0,0.0,0.0,,,,,
2023-09-01,1669775,135950,8.1418,Israel_Gaza,,,64987,2264,15434.0,30704,,,,,9.0017,125513.4,403.0,15422.0,464.0,6272.0,0.0,0.0,,,,,
2023-09-02,1002293,97488,9.7265,Israel_Gaza,,,44389,1962,3681.0,12366,,,,,9.2949,131143.9,238.0,31328.0,354.0,3170.0,0.0,0.0,,,,,
2023-09-03,798388,96257,12.0564,Israel_Gaza,,,35908,1672,2130.0,25910,,,,,9.3405,134043.3,181.0,26788.0,790.0,2878.0,0.0,0.0,,,,,
2023-09-04,1362926,132035,9.6876,Israel_Gaza,,,73470,3047,2546.0,15179,,,,,9.0791,130684.4,559.0,31352.0,586.0,5296.0,0.0,0.0,,,,,
2023-09-05,1772158,161000,9.085,Israel_Gaza,,,88105,2450,6697.0,14739,,,,,8.9894,131125.6,1420.0,37476.0,138.0,9975.0,0.0,0.0,,,,,
2023-09-06,1955160,179782,9.1953,Israel_Gaza,,,103102,6106,5025.0,36249,,,,,8.9225,132627.4,334.0,22910.0,848.0,5208.0,0.0,0.0,,,,,
2023-09-07,1983382,112279,5.661,Israel_Gaza,,,62399,4501,2330.0,19234,,,,,8.6722,135112.3,858.0,18197.0,237.0,4523.0,0.0,0.0,,,,,
2023-09-08,1850441,139038,7.5138,Israel_Gaza,,,70117,3637,3329.0,39626,,,,,8.5963,139337.0,1438.0,14310.0,291.0,6290.0,0.0,0.0,,,,,
2023-09-09,1166550,108001,9.2582,Israel_Gaza,,,51727,1057,2053.0,18063,,,,,8.4021,138047.1,293.0,28978.0,215.0,5615.0,0.0,0.0,,,,,
2023-09-10,1102932,113651,10.3044,Israel_Gaza,,,43426,2371,2386.0,32824,,,,,8.1613,133552.9,8598.0,16176.0,633.0,7237.0,0.0,0.0,,,,,
2023-09-11,1764944,161608,9.1566,Israel_Gaza,,,70416,2539,3666.0,38367,,,,,8.4452,138359.3,1922.0,30451.0,510.0,13737.0,0.0,0.0,,,,,
2023-09-12,1967213,151971,7.7252,Israel_Gaza,,,85511,1432,3200.0,27990,,,,,8.3153,135821.7,1212.0,27549.0,1216.0,3861.0,0.0,0.0,,,,,
2023-09-13,1975009,148322,7.5099,Israel_Gaza,,,93842,2344,2822.0,18412,,,,,7.9453,131773.4,1920.0,18056.0,1503.0,9423.0,0.0,0.0,,,,,
2023-09-14,1907959,145924,7.6482,Israel_Gaza,,,79723,3966,6466.0,27025,,,,,7.6677,127734.1,1410.0,22113.0,508.0,4700.0,13.0,0.0,,,,,
2023-09-15,1836196,121275,6.6047,Israel_Gaza,,,68008,2626,8962.0,24459,,,,,7.4116,123439.4,715.0,12007.0,549.0,3949.0,0.0,0.0,,,,,
2023-09-16,1194653,79663,6.6683,Israel_Gaza,,,42919,1153,9544.0,11308,,,,,7.4281,124653.4,1043.0,10482.0,825.0,2389.0,0.0,0.0,,,,,
2023-09-17,1021151,85376,8.3608,Israel_Gaza,,,55985,546,2148.0,11651,,,,,7.7637,132702.0,303.0,6877.0,554.0,7312.0,0.0,0.0,,,,,
2023-09-18,1786230,131545,7.3644,Israel_Gaza,,,81892,3708,3420.0,11817,,,,,7.791,134031.4,608.0,25003.0,513.0,4584.0,0.0,0.0,,,,,
2023-09-19,2046657,160469,7.8405,Israel_Gaza,,,81887,6059,3828.0,28846,,,,,8.177,141638.7,1991.0,30525.0,379.0,6954.0,0.0,0.0,,,,,
2023-09-20,2075858,204662,9.8592,Israel_Gaza,,,95016,15241,5045.0,18172,,,,,8.2566,142601.7,3081.0,55970.0,176.0,11961.0,0.0,0.0,,,,,
2023-09-21,1980191,155230,7.8391,Israel_Gaza,,,90793,5564,3765.0,15521,,,,,8.942,148924.4,1027.0,30819.0,830.0,6911.0,0.0,0.0,,,,,
2023-09-22,1875253,174526,9.3068,Israel_Gaza,,,98992,4212,2670.0,21921,,,,,8.8882,146289.7,1347.0,34137.0,362.0,10885.0,0.0,0.0,,,,,
2023-09-23,1195845,86404,7.2254,Israel_Gaza,,,47944,3154,3863.0,11161,,,,,8.851,143459.1,3093.0,12858.0,356.0,3975.0,0.0,0.0,,,,,
2023-09-24,985178,129635,13.1585,Israel_Gaza,,,37134,2862,6291.0,11224,,,,,8.3295,131626.6,10078.0,38126.0,460.0,23460.0,0.0,0.0,,,,,
2023-09-25,1618500,113102,6.9881,Israel_Gaza,,,56393,2755,4065.0,30894,,,,,8.4407,132263.0,1476.0,11407.0,893.0,5219.0,0.0,0.0,,,,,
2023-09-26,1855700,140655,7.5796,Israel_Gaza,,,68902,3940,2630.0,28907,,,,,8.0352,124204.1,1195.0,24273.0,533.0,10275.0,0.0,0.0,,,,,
2023-09-27,1962326,121834,6.2087,Israel_Gaza,,,58220,2505,3426.0,16333,,,,,8.3574,127101.7,625.0,33144.0,801.0,6780.0,0.0,0.0,,,,,
2023-09-28,1852911,159685,8.6181,Israel_Gaza,,,73874,3582,3739.0,15099,,,,,8.5122,129232.1,7368.0,36531.0,1953.0,17539.0,0.0,0.0,,,,,
2023-09-29,1826064,118114,6.4682,Israel_Gaza,,,58062,2304,9377.0,26931,,,,,8.647,129489.9,926.0,15618.0,605.0,4291.0,0.0,0.0,,,,,
2023-09-30,1125279,106687,9.4809,Israel_Gaza,,,68008,3264,12169.0,11052,,,,,8.7301,130313.4,428.0,8334.0,647.0,2785.0,0.0,0.0,,,,,
2023-10-01,1014961,144548,14.2417,Israel_Gaza,,,50376,741,46789.0,32668,,,,,9.056,134616.0,120.0,12267.0,217.0,1370.0,0.0,0.0,,,,,
2023-10-02,1448652,114906,7.9319,Israel_Gaza,,,56136,2045,10287.0,30114,,,,,9.1403,135885.6,463.0,13054.0,435.0,2372.0,0.0,0.0,,,,,
2023-10-03,1794131,146420,8.1611,Israel_Gaza,,,88711,2224,7431.0,26782,,,,,9.4879,140862.3,601.0,18554.0,519.0,1598.0,0.0,0.0,,,,,
2023-10-04,1789706,151952,8.4903,Israel_Gaza,,,74136,3722,4696.0,48218,,,,,21.4505,327305.9,389.0,17302.0,525.0,2964.0,0.0,0.0,,,,,
2023-10-05,1830772,168572,9.2077,Israel_Gaza,,,88503,3384,5866.0,36165,,,,,37.1643,573691.7,388.0,26098.0,260.0,7908.0,0.0,0.0,,,,,
2023-10-06,1718248,152951,8.9016,Israel_Gaza,,,72252,3716,4889.0,43426,,,,,53.9037,959923.9,668.0,20174.0,581.0,7245.0,0.0,0.0,,,,,
2023-10-07,1514489,1411792,93.219,Israel_Gaza,,,168965,13247,2188.0,227462,,,,,66.5326,1275136.4,115786.0,478577.0,251647.0,153920.0,0.0,0.0,,,,,
2023-10-08,1504561,1869249,124.2388,Israel_Gaza,,,191790,53588,5815.0,329164,,,,,77.6346,1558650.4,147766.0,658556.0,395646.0,86924.0,0.0,0.0,,,,,
2023-10-09,2252883,2818531,125.1077,Israel_Gaza,,,332900,93598,87596.0,378505,,,,,87.431,1804578.3,263930.0,860364.0,664035.0,137591.0,12.0,0.0,,,,,
2023-10-10,2436652,2352908,96.5632,Israel_Gaza,,,221485,98766,13252.0,207672,,,,,99.7341,2115096.3,191815.0,842639.0,603319.0,173733.0,227.0,0.0,,,,,
2023-10-11,2478466,2136550,86.2045,Israel_Gaza,,,265753,47605,11535.0,201435,,,,,100.7515,2147195.3,252551.0,760518.0,437839.0,159000.0,314.0,0.0,,,,,
2023-10-12,2429957,1890067,77.7819,Israel_Gaza,,,267630,52416,14241.0,153597,,,,,97.0271,2086218.3,246839.0,650288.0,365539.0,136240.0,3277.0,0.0,,,,,
2023-10-13,2448416,2326577,95.0238,Israel_Gaza,,,293401,53850,15615.0,148575,,,,,89.5773,1899625.9,395146.0,785676.0,422306.0,211262.0,746.0,0.0,,,,,
2023-10-14,1630932,1636485,100.3405,Israel_Gaza,,,186519,44115,16362.0,74153,,,,,88.2344,1880820.7,335138.0,535143.0,208897.0,235115.0,1043.0,0.0,,,,,
2023-10-15,1469322,1442410,98.1684,Israel_Gaza,,,249540,33409,14092.0,53429,,,,,88.753,1928463.0,324302.0,487234.0,160847.0,117286.0,2271.0,0.0,,,,,
2023-10-16,2072937,1512384,72.9585,Israel_Gaza,,,205905,35573,7443.0,84536,,,,,86.7177,1867312.1,342380.0,481732.0,221670.0,121027.0,12118.0,0.0,,,,,
2023-10-17,2548408,2221272,87.1631,Israel_Gaza,,,330376,74193,64625.0,65774,,,,,82.2409,1740996.4,389712.0,785414.0,385820.0,121571.0,3787.0,0.0,,,,,
2023-10-18,2749542,2470046,89.8348,Israel_Gaza,,,330549,67822,124744.0,85407,,,,,78.9497,1660431.7,691745.0,706182.0,325060.0,129480.0,9057.0,0.0,,,,,
2023-10-19,2301115,1462011,63.5349,Israel_Gaza,,,220080,26781,35942.0,64705,,,,,76.5192,1593699.3,336761.0,499611.0,162358.0,109563.0,6210.0,0.0,,,,,
2023-10-20,2264802,1442367,63.6862,Israel_Gaza,,,213078,71124,28670.0,44626,,,,,75.2372,1548968.3,276173.0,489105.0,223734.0,76659.0,19198.0,0.0,,,,,
2023-10-21,1387456,1072532,77.3021,Israel_Gaza,,,144374,25444,13219.0,29648,,,,,69.8701,1380094.6,236359.0,286164.0,230055.0,99093.0,8176.0,0.0,,,,,
2023-10-22,1201752,975283,81.1551,Israel_Gaza,,,122863,33187,17603.0,77229,,,,,64.0414,1178550.1,243447.0,295094.0,113137.0,66285.0,6438.0,0.0,,,,,
2023-10-23,1874321,1199267,63.9841,Israel_Gaza,,,199305,21909,18803.0,81438,,,,,61.1295,1113707.6,293957.0,387058.0,130632.0,64936.0,1229.0,0.0,,,,,
2023-10-24,2095333,1039156,49.5938,Israel_Gaza,,,156064,15392,27692.0,42085,,,,,59.8293,1072738.0,197767.0,326922.0,210797.0,62107.0,330.0,0.0,,,,,
2023-10-25,2160218,1059235,49.0337,Israel_Gaza,,,186568,48365,33576.0,52449,,,,,60.0567,1089587.1,190818.0,282117.0,178627.0,86396.0,319.0,0.0,,,,,
2023-10-26,2336216,1008113,43.1515,Israel_Gaza,,,168477,20957,46734.0,46429,,,,,60.4854,1109090.9,210731.0,335094.0,118230.0,61270.0,191.0,0.0,,,,,
2023-10-27,2117044,1155580,54.5846,Israel_Gaza,,,177289,21146,19069.0,59603,,,,,58.8429,1075721.4,286970.0,366502.0,161833.0,62340.0,828.0,0.0,,,,,
2023-10-28,1508952,1190476,78.8942,Israel_Gaza,,,110190,27066,32283.0,51956,,,,,58.2819,1059282.7,339528.0,382937.0,143412.0,103104.0,0.0,0.0,,,,,
2023-10-29,1321131,1111809,84.1558,Israel_Gaza,,,236733,16837,29078.0,19290,,,,,58.5292,1059854.3,299172.0,311470.0,127368.0,71691.0,170.0,0.0,,,,,
2023-10-30,1839857,965681,52.4867,Israel_Gaza,,,148215,23342,21640.0,31917,,,,,59.7008,1074490.1,235125.0,310303.0,141614.0,53419.0,106.0,0.0,,,,,
2023-10-31,2023538,924085,45.6668,Israel_Gaza,,,184529,17368,8482.0,46110,,,,,59.7236,1083433.6,191036.0,275300.0,156244.0,44399.0,617.0,0.0,,,,,
2023-11-01,2094449,1063236,50.7645,Israel_Gaza,,,158978,23457,31890.0,46602,,,,,58.2202,1053337.1,283336.0,307988.0,141307.0,47110.0,22568.0,0.0,,,,,
2023-11-02,2162620,1110564,51.3527,Israel_Gaza,,,210039,16658,14142.0,29179,,,,,57.1533,1037213.0,306373.0,302113.0,125381.0,85355.0,21324.0,0.0,,,,,
2023-11-03,2225212,1218184,54.7446,Israel_Gaza,,,225800,21607,9264.0,24274,,,,,57.5679,1044379.7,310617.0,430666.0,121575.0,60014.0,14367.0,0.0,,,,,
2023-11-04,1433079,979801,68.3703,Israel_Gaza,,,182156,36076,16023.0,30043,,,,,58.2818,1059161.0,278076.0,255333.0,78561.0,95336.0,8197.0,0.0,,,,,
2023-11-05,1302609,998940,76.6876,Israel_Gaza,,,147522,13112,25090.0,32312,,,,,57.3716,1034076.6,241186.0,273504.0,112341.0,116360.0,37513.0,0.0,,,,,
2023-11-06,1834033,1015848,55.3888,Israel_Gaza,,,160704,36683,6148.0,38314,,,,,55.6619,995758.9,295310.0,301757.0,101433.0,73949.0,1550.0,0.0,,,,,
2023-11-07,2028164,1027554,50.6642,Israel_Gaza,,,175284,33432,10251.0,53680,,,,,53.5741,933669.1,236466.0,300948.0,133979.0,81422.0,2092.0,0.0,,,,,
2023-11-08,1999514,887645,44.393,Israel_Gaza,,,151166,12591,8197.0,28371,,,,,51.3245,890474.3,200763.0,253674.0,136093.0,92084.0,4706.0,0.0,,,,,
2023-11-09,2138752,842340,39.3847,Israel_Gaza,,,138166,11980,11633.0,39020,,,,,49.0952,851353.1,236439.0,249056.0,84687.0,70293.0,1066.0,0.0,,,,,
2023-11-10,1952528,783556,40.1303,Israel_Gaza,,,134603,29984,12559.0,39183,,,,,46.7815,799475.1,169764.0,228813.0,99983.0,68398.0,269.0,0.0,,,,,
2023-11-11,1287350,677437,52.6226,Israel_Gaza,,,105720,11158,18602.0,39988,,,,,44.5978,745513.7,163625.0,162316.0,72844.0,102936.0,248.0,0.0,,,,,
2023-11-12,1187065,725092,61.0828,Israel_Gaza,,,126399,13661,8364.0,48164,,,,,43.703,730465.0,201076.0,180140.0,75862.0,70127.0,1299.0,0.0,,,,,
2023-11-13,1665371,652702,39.1926,Israel_Gaza,,,126524,10748,2674.0,26681,,,,,43.4686,723392.7,187555.0,165841.0,87637.0,44399.0,643.0,0.0,,,,,
2023-11-14,1836778,649824,35.3785,Israel_Gaza,,,113127,11097,11272.0,35481,,,,,42.7313,710976.4,150521.0,179098.0,92385.0,55968.0,875.0,0.0,,,,,
2023-11-15,2051689,782304,38.1298,Israel_Gaza,,,124244,15614,8674.0,31088,,,,,40.793,681297.1,203737.0,253755.0,100469.0,38970.0,5753.0,0.0,,,,,
2023-11-16,2100562,792834,37.7439,Israel_Gaza,,,163393,22624,5545.0,38523,,,,,38.378,645560.3,188496.0,223338.0,101484.0,48650.0,781.0,0.0,,,,,
2023-11-17,1992167,696642,34.9691,Israel_Gaza,,,136738,9341,4984.0,34073,,,,,37.4539,626852.1,180511.0,201526.0,67764.0,54231.0,7474.0,0.0,,,,,
2023-11-18,1202638,469682,39.0543,Israel_Gaza,,,85221,4484,2317.0,25811,,,,,37.9384,641360.3,126731.0,118391.0,43001.0,63573.0,153.0,0.0,,,,,
2023-11-19,1075054,474934,44.1777,Israel_Gaza,,,65136,6921,7317.0,17164,,,,,41.4394,720093.3,172401.0,112435.0,55771.0,37225.0,564.0,0.0,,,,,
2023-11-20,1594373,521745,32.7241,Israel_Gaza,,,94843,12172,2159.0,16254,,,,,43.631,734641.4,179766.0,128368.0,51886.0,36041.0,256.0,0.0,,,,,
2023-11-21,1938038,751381,38.7702,Israel_Gaza,,,135926,27653,5113.0,19267,,,,,46.9498,777736.7,159099.0,221919.0,136918.0,45432.0,54.0,0.0,,,,,
2023-11-22,2128849,1333435,62.6364,Israel_Gaza,,,211355,10704,4587.0,20620,,,,,54.0792,879929.9,144210.0,476031.0,405492.0,57789.0,2647.0,0.0,,,,,
2023-11-23,1685357,894671,53.085,Israel_Gaza,,,193999,8497,4295.0,27530,,,,,60.4199,980536.6,107297.0,277577.0,212745.0,61441.0,1290.0,0.0,,,,,
2023-11-24,1715279,998309,58.201,Israel_Gaza,,,107535,7690,4749.0,68694,,,,,63.7239,1052012.3,194374.0,281730.0,213574.0,116713.0,3250.0,0.0,,,,,
2023-11-25,1332097,1185034,88.96,Israel_Gaza,,,93806,7165,1737.0,39054,,,,,64.0158,1060237.7,218378.0,274241.0,290124.0,260260.0,269.0,0.0,,,,,
2023-11-26,1331469,1179181,88.5624,Israel_Gaza,,,100945,9519,1134.0,38361,,,,,60.2821,970952.0,201717.0,364962.0,339592.0,120088.0,2863.0,0.0,,,,,
2023-11-27,1829967,1022075,55.8521,Israel_Gaza,,,112348,13832,3615.0,61888,,,,,58.6779,963173.7,96183.0,331505.0,270309.0,132174.0,221.0,0.0,,,,,
2023-11-28,1982085,808959,40.8135,Israel_Gaza,,,115322,16491,7049.0,18159,,,,,57.8239,971356.3,96682.0,287084.0,196004.0,72164.0,4.0,0.0,,,,,
2023-11-29,1940874,708435,36.5008,Israel_Gaza,,,103039,5183,4023.0,19523,,,,,54.2514,917814.1,110824.0,220344.0,189504.0,55995.0,0.0,0.0,,,,,
2023-11-30,2007427,840223,41.8557,Israel_Gaza,,,112227,4767,4135.0,25200,,,,,50.4512,848769.4,136187.0,224458.0,270329.0,62856.0,64.0,0.0,,,,,
2023-12-01,2021327,1055587,52.2225,Israel_Gaza,,,141221,4656,12268.0,63203,,,,,47.9219,785899.9,279828.0,333477.0,173653.0,47189.0,92.0,0.0,,,,,
2023-12-02,1266937,810239,63.9526,Israel_Gaza,,,87288,3881,10767.0,12931,,,,,47.1572,764216.3,224934.0,261289.0,134061.0,74720.0,368.0,0.0,,,,,
2023-12-03,1123075,695868,61.961,Israel_Gaza,,,86222,9555,79036.0,41900,,,,,45.3355,729227.6,166438.0,220975.0,47587.0,43794.0,361.0,0.0,,,,,
2023-12-04,1525633,581988,38.1473,Israel_Gaza,,,122371,15570,17122.0,51028,,,,,43.9974,701406.1,116988.0,177647.0,39379.0,41657.0,226.0,0.0,,,,,
2023-12-05,1853253,657174,35.4606,Israel_Gaza,,,145157,10432,16192.0,40627,,,,,41.4892,644369.1,134741.0,197220.0,59835.0,52970.0,0.0,0.0,,,,,
2023-12-06,1951751,463514,23.7486,Israel_Gaza,,,128448,6357,11895.0,38662,,,,,40.2115,628938.1,84794.0,127080.0,48357.0,17699.0,222.0,0.0,,,,,
2023-12-07,1986744,645473,32.489,Israel_Gaza,,,115818,25816,7266.0,50508,,,,,37.4202,595550.0,131213.0,186713.0,88788.0,38936.0,415.0,0.0,,,,,
2023-12-08,1893336,656328,34.6652,Israel_Gaza,,,124896,27828,8504.0,40206,,,,,35.9452,577738.0,120934.0,171942.0,62190.0,99380.0,448.0,0.0,,,,,
2023-12-09,1276556,702222,55.0091,Israel_Gaza,,,106011,11170,51853.0,19619,,,,,34.7216,552966.1,210930.0,173973.0,47421.0,81187.0,58.0,0.0,,,,,
2023-12-10,1089419,462151,42.4218,Israel_Gaza,,,78147,2073,26707.0,13813,,,,,35.945,577372.6,122013.0,146909.0,33130.0,39271.0,88.0,0.0,,,,,
2023-12-11,1643682,457304,27.8219,Israel_Gaza,,,108941,6249,9936.0,31040,,,,,35.1725,558632.0,90144.0,123906.0,66076.0,18937.0,2075.0,0.0,,,,,
2023-12-12,1798689,483771,26.8958,Israel_Gaza,,,95878,5733,29267.0,39555,,,,,34.4039,546978.0,101925.0,128998.0,48814.0,32273.0,1328.0,0.0,,,,,
2023-12-13,1963213,634359,32.3123,Israel_Gaza,,,128352,24784,19504.0,48599,,,,,32.7893,529308.3,152321.0,160607.0,72073.0,27874.0,245.0,0.0,,,,,
2023-12-14,1899069,514289,27.0811,Israel_Gaza,,,126860,7043,11391.0,27972,,,,,33.3948,529675.1,96426.0,150465.0,69806.0,23446.0,880.0,0.0,,,,,
2023-12-15,1962574,574750,29.2855,Israel_Gaza,,,127146,22970,5736.0,39978,,,,,34.4593,544390.0,107626.0,158596.0,63269.0,48917.0,512.0,0.0,,,,,
2023-12-16,1323672,578534,43.7067,Israel_Gaza,,,125196,8942,4220.0,43394,,,,,34.0231,536543.0,162906.0,171096.0,33792.0,28988.0,0.0,0.0,,,,,
2023-12-17,995966,464719,46.6601,Israel_Gaza,,,93760,5157,3296.0,41533,,,,,32.4095,501370.1,87457.0,158013.0,39658.0,34723.0,1122.0,0.0,,,,,
2023-12-18,1588454,560308,35.2738,Israel_Gaza,,,110636,16534,15191.0,32781,,,,,32.0051,488720.7,109391.0,201931.0,37348.0,36351.0,145.0,0.0,,,,,
2023-12-19,1798647,428842,23.8425,Israel_Gaza,,,97519,9995,7891.0,51641,,,,,32.4721,477787.4,73240.0,115716.0,46234.0,26111.0,495.0,0.0,,,,,
2023-12-20,1846851,388149,21.0168,Israel_Gaza,,,96219,9675,10122.0,26880,,,,,31.0067,442666.6,83983.0,78707.0,64117.0,18150.0,296.0,0.0,,,,,
2023-12-21,1755630,425743,24.2502,Israel_Gaza,,,97742,2583,13027.0,21688,,,,,30.812,425862.0,95138.0,106406.0,67247.0,21008.0,904.0,0.0,,,,,
2023-12-22,1530405,498217,32.5546,Israel_Gaza,,,105690,4560,8404.0,24005,,,,,34.513,421591.6,152674.0,100348.0,48867.0,52022.0,1647.0,0.0,,,,,
2023-12-23,994625,332688,33.4486,Israel_Gaza,,,68950,2797,3994.0,16074,,,,,38.1173,439934.6,88134.0,77923.0,34184.0,40569.0,63.0,0.0,,,,,
2023-12-24,766244,347087,45.2972,Israel_Gaza,,,71495,9549,4844.0,19427,,,,,38.6132,428910.9,85414.0,92716.0,32889.0,30699.0,54.0,0.0,,,,,
2023-12-25,866960,530415,61.181,Israel_Gaza,,,112971,9421,4182.0,10932,,,,,39.2745,421987.6,151078.0,154368.0,71647.0,15816.0,0.0,0.0,,,,,
2023-12-26,1135549,557243,49.0726,Israel_Gaza,,,130545,3604,46498.0,34884,,,,,38.6472,402255.7,109675.0,145888.0,51214.0,34865.0,70.0,0.0,,,,,
2023-12-27,1269934,310983,24.4881,Israel_Gaza,,,73848,3821,4497.0,31201,,,,,38.4956,397051.1,68965.0,90870.0,25075.0,12386.0,320.0,0.0,,,,,
2023-12-28,1306386,377280,28.8797,Israel_Gaza,,,109854,5214,5695.0,23335,,,,,37.889,395795.9,78145.0,93790.0,24890.0,36270.0,87.0,0.0,,,,,
2023-12-29,1278589,360094,28.1634,Israel_Gaza,,,101685,3352,9363.0,30563,,,,,35.6852,375139.6,66635.0,93601.0,31442.0,22750.0,703.0,0.0,,,,,
2023-12-30,914725,296256,32.3874,Israel_Gaza,,,70155,11340,3250.0,34263,,,,,33.454,344789.0,66793.0,84738.0,17605.0,8025.0,87.0,0.0,,,,,
2023-12-31,824097,338300,41.051,Israel_Gaza,,,87317,3504,2739.0,48197,,,,,35.2471,351550.2,71081.0,81087.0,27063.0,17274.0,38.0,0.0,,,,,
2024-01-01,843249,385821,45.7541,Israel_Gaza,,,93813,9427,872.0,35098,,,,,36.839,345117.8,95590.0,120360.0,18112.0,12514.0,35.0,0.0,,,,,
2026-01-01,674850,92783,13.7487,US_Israel_Iran,,,28872,3911,,13431,,,,1153.0,20.2329,168534.0,,19976.0,,,,,4439.0,17985.0,23.0,337.0,2656.0
2026-01-02,834253,165085,19.7884,US_Israel_Iran,,,42561,3101,,29936,,,,5074.0,19.6178,178433.4,,18376.0,,,,,38574.0,22382.0,646.0,1875.0,2560.0
2026-01-03,880240,229849,26.1121,US_Israel_Iran,,,30711,2146,,45512,,,,1942.0,18.0745,172844.7,,13310.0,,,,,19091.0,114406.0,484.0,883.0,1364.0
2026-01-04,875929,186419,21.2824,US_Israel_Iran,,,43206,1851,,34795,,,,1125.0,17.0822,172522.1,,13536.0,,,,,6995.0,65331.0,472.0,18076.0,1032.0
2026-01-05,1270762,218031,17.1575,US_Israel_Iran,,,80549,2873,,45849,,,,5240.0,16.9807,186087.3,,18215.0,,,,,14713.0,33238.0,792.0,11336.0,5226.0
2026-01-06,1398927,144901,10.358,US_Israel_Iran,,,52381,1971,,17974,,,,15990.0,16.6663,198187.9,,24652.0,,,,,10454.0,19215.0,445.0,675.0,1144.0
2026-01-07,1532872,170587,11.1286,US_Israel_Iran,,,66059,3016,,24693,,,,29183.0,15.5925,187821.1,,17329.0,,,,,15821.0,11327.0,719.0,769.0,1671.0
2026-01-08,1439944,187739,13.0379,US_Israel_Iran,,,82370,3797,,25079,,,,13880.0,19.4666,213288.3,,20442.0,,,,,23227.0,15727.0,767.0,112.0,2338.0
2026-01-09,1420269,249789,17.5874,US_Israel_Iran,,,71289,1952,,42093,,,,11257.0,20.4111,219918.3,,16953.0,,,,,54674.0,20954.0,1204.0,23278.0,6135.0
2026-01-10,845811,157282,18.5954,US_Israel_Iran,,,44172,1592,,13479,,,,5353.0,21.6454,237572.6,,5161.0,,,,,60352.0,9157.0,1417.0,14450.0,2149.0
2026-01-11,753472,364689,48.4011,US_Israel_Iran,,,75749,2168,,12364,,,,8104.0,22.7084,252589.9,,59339.0,,,,,141209.0,60519.0,3152.0,1086.0,999.0
2026-01-12,1112530,264441,23.7693,US_Israel_Iran,,,51330,783,,21471,,,,17903.0,23.729,273627.0,,18169.0,,,,,117927.0,28460.0,5349.0,962.0,2087.0
2026-01-13,1413175,268481,18.9984,US_Israel_Iran,,,68316,1361,,16330,,,,14609.0,23.2207,266554.6,,19476.0,,,,,121140.0,13238.0,9506.0,2026.0,2479.0
2026-01-14,1484753,275708,18.5693,US_Israel_Iran,,,75502,1604,,15672,,,,14177.0,22.6063,263983.7,,14301.0,,,,,128145.0,17797.0,6236.0,784.0,1490.0
2026-01-15,1659901,334999,20.1819,US_Israel_Iran,,,86030,811,,28077,,,,28481.0,17.9153,228737.6,,26040.0,,,,,130886.0,16541.0,15689.0,511.0,1933.0
2026-01-16,1427560,200282,14.0297,US_Israel_Iran,,,68233,1041,,15082,,,,15959.0,16.0942,208579.7,,25412.0,,,,,58956.0,11521.0,1289.0,684.0,2105.0
2026-01-17,974426,139286,14.2942,US_Israel_Iran,,,38890,2307,,6324,,,,7027.0,15.0896,195100.7,,7991.0,,,,,66328.0,7784.0,376.0,1273.0,986.0
2026-01-18,757942,117966,15.564,US_Israel_Iran,,,39292,2475,,7387,,,,13227.0,14.1412,183387.6,,15005.0,,,,,27859.0,10600.0,471.0,236.0,1414.0
2026-01-19,1119029,123336,11.0217,US_Israel_Iran,,,48540,1634,,14617,,,,12259.0,13.3417,167729.1,,10094.0,,,,,28016.0,4098.0,478.0,321.0,3279.0
2026-01-20,1455132,174128,11.9665,US_Israel_Iran,,,64492,1960,,22041,,,,22811.0,13.3445,166511.3,,22290.0,,,,,24252.0,9687.0,2387.0,599.0,3609.0
2026-01-21,1623723,193716,11.9304,US_Israel_Iran,,,62954,1167,,17989,,,,25461.0,13.8022,171098.3,,36240.0,,,,,34173.0,7153.0,1410.0,2945.0,4224.0
2026-01-22,1545332,225390,14.5852,US_Israel_Iran,,,91025,10668,,34731,,,,36178.0,12.9713,164696.3,,19118.0,,,,,14362.0,12621.0,819.0,1360.0,4508.0
2026-01-23,1364888,191757,14.0493,US_Israel_Iran,,,89767,1461,,12838,,,,37689.0,13.7103,175616.7,,8182.0,,,,,33561.0,4538.0,1117.0,1026.0,1578.0
2026-01-24,979499,171395,17.4982,US_Israel_Iran,,,70547,1496,,10870,,,,17740.0,13.893,179008.4,,9645.0,,,,,43273.0,12483.0,3051.0,392.0,1898.0
2026-01-25,750439,73152,9.7479,US_Israel_Iran,,,27036,1135,,7028,,,,9373.0,14.5136,184575.3,,11552.0,,,,,10716.0,5206.0,117.0,344.0,645.0
2026-01-26,1233629,199779,16.1944,US_Israel_Iran,,,57876,916,,12087,,,,11059.0,14.4087,181536.9,,83991.0,,,,,22861.0,6270.0,743.0,744.0,3232.0
2026-01-27,1493862,197870,13.2455,US_Israel_Iran,,,68325,1173,,21383,,,,18327.0,14.6181,185492.1,,29680.0,,,,,29021.0,22083.0,1603.0,4637.0,1638.0
2026-01-28,1429747,232684,16.2745,US_Israel_Iran,,,97450,995,,17751,,,,15047.0,15.4603,194503.3,,18782.0,,,,,49134.0,19766.0,2251.0,1018.0,10490.0
2026-01-29,1473663,204121,13.8513,US_Israel_Iran,,,67786,864,,26396,,,,11370.0,17.5764,211919.0,,19035.0,,,,,53663.0,15651.0,1304.0,260.0,7792.0
2026-01-30,1414390,219444,15.5151,US_Israel_Iran,,,89048,1413,,25385,,,,8303.0,17.0811,204821.6,,23007.0,,,,,42743.0,22415.0,787.0,700.0,5643.0
2026-01-31,1002309,234473,23.3933,US_Israel_Iran,,,61244,922,,21145,,,,9781.0,17.2558,204949.7,,43538.0,,,,,49872.0,30399.0,3408.0,571.0,13593.0
2026-02-01,794205,195062,24.5607,US_Israel_Iran,,,52322,1407,,21884,,,,4888.0,17.3084,205857.6,,35719.0,,,,,61514.0,10569.0,1570.0,279.0,4910.0
2026-02-02,1179303,150097,12.7276,US_Israel_Iran,,,55602,3855,,14119,,,,4144.0,17.6675,208921.9,,17736.0,,,,,38571.0,6806.0,3002.0,1275.0,4987.0
2026-02-03,1373825,198767,14.4681,US_Israel_Iran,,,58028,3447,,12976,,,,9935.0,18.1415,215797.6,,17548.0,,,,,58995.0,14573.0,1584.0,3772.0,17909.0
2026-02-04,1436271,239039,16.643,US_Israel_Iran,,,73795,1502,,24887,,,,8923.0,17.4784,203829.6,,30761.0,,,,,63304.0,10876.0,2659.0,1501.0,20831.0
2026-02-05,1378399,225571,16.3647,US_Israel_Iran,,,88724,2320,,18001,,,,5489.0,17.4181,199849.7,,29120.0,,,,,44519.0,5878.0,7484.0,2459.0,21577.0
2026-02-06,1420768,267574,18.8331,US_Israel_Iran,,,60692,2023,,26098,,,,5455.0,17.8126,204382.3,,21725.0,,,,,79187.0,5133.0,17630.0,1347.0,48284.0
2026-02-07,803660,150697,18.7513,US_Israel_Iran,,,49413,4192,,15719,,,,3120.0,18.0507,206330.0,,24449.0,,,,,38778.0,3785.0,320.0,2284.0,8637.0
2026-02-08,692668,167203,24.139,US_Israel_Iran,,,33170,956,,14105,,,,1413.0,18.0831,205899.6,,51115.0,,,,,31735.0,10549.0,3972.0,3540.0,16648.0
2026-02-09,1173881,181825,15.4892,US_Israel_Iran,,,62508,1233,,8906,,,,2647.0,17.8917,204051.9,,57006.0,,,,,32324.0,10584.0,1173.0,1505.0,3939.0
2026-02-10,1316428,212401,16.1346,US_Israel_Iran,,,63874,613,,8557,,,,8915.0,16.9987,190888.7,,54481.0,,,,,39877.0,15821.0,4201.0,2582.0,13480.0
2026-02-11,1399093,236026,16.8699,US_Israel_Iran,,,52783,4978,,16290,,,,20224.0,16.5328,189778.1,,51864.0,,,,,50450.0,12261.0,3419.0,7588.0,16169.0
2026-02-12,1415273,212637,15.0245,US_Israel_Iran,,,65794,1162,,13964,,,,16894.0,15.7056,183938.6,,53671.0,,,,,37223.0,9023.0,228.0,4540.0,10138.0
2026-02-13,1394283,175432,12.5822,US_Israel_Iran,,,69755,1247,,23109,,,,7647.0,16.0068,183347.6,,12934.0,,,,,42765.0,6899.0,170.0,2212.0,8694.0
2026-02-14,922676,142923,15.4901,US_Israel_Iran,,,46991,7056,,12857,,,,6811.0,16.1408,184043.6,,5752.0,,,,,42484.0,10930.0,1847.0,673.0,7522.0
2026-02-15,688469,126326,18.3488,US_Israel_Iran,,,35865,597,,8281,,,,1943.0,15.6634,175599.1,,24829.0,,,,,35002.0,7077.0,444.0,410.0,11878.0
2026-02-16,1009736,177688,17.5975,US_Israel_Iran,,,52606,891,,7723,,,,3336.0,16.0121,182805.4,,27443.0,,,,,38606.0,8293.0,6591.0,1475.0,30724.0
2026-02-17,1272656,217273,17.0724,US_Israel_Iran,,,63036,528,,11498,,,,4436.0,16.6418,192297.1,,15236.0,,,,,69318.0,7150.0,2309.0,6275.0,37487.0
2026-02-18,1307754,176915,13.5282,US_Israel_Iran,,,72541,4578,,11851,,,,9101.0,17.2019,194539.9,,14680.0,,,,,36213.0,9888.0,908.0,2682.0,14473.0
2026-02-19,1506295,263081,17.4654,US_Israel_Iran,,,69179,3824,,23331,,,,6666.0,18.3639,202260.0,,29437.0,,,,,83581.0,25582.0,1772.0,676.0,19033.0
2026-02-20,1423589,241874,16.9904,US_Israel_Iran,,,67800,2178,,23987,,,,16196.0,18.1232,207002.1,,26760.0,,,,,64002.0,22126.0,2907.0,988.0,14930.0
2026-02-21,817186,158622,19.4108,US_Israel_Iran,,,43660,1999,,19603,,,,3456.0,18.194,212131.3,,21160.0,,,,,39224.0,22324.0,1665.0,926.0,4605.0
2026-02-22,681086,180367,26.4823,US_Israel_Iran,,,34560,2872,,16976,,,,2753.0,18.6644,220473.3,,22400.0,,,,,29908.0,52142.0,1821.0,3956.0,12979.0
2026-02-23,1325262,210883,15.9126,US_Israel_Iran,,,73698,2331,,16054,,,,3593.0,19.9682,242306.1,,20879.0,,,,,51696.0,22345.0,4657.0,1607.0,14023.0
2026-02-24,1441122,253177,17.568,US_Israel_Iran,,,112500,4129,,40314,,,,5037.0,22.4425,282916.4,,24406.0,,,,,36533.0,13965.0,1060.0,3249.0,11984.0
2026-02-25,1398885,235309,16.8212,US_Israel_Iran,,,76798,3672,,14573,,,,4237.0,37.9104,538125.1,,63712.0,,,,,48435.0,8473.0,541.0,3794.0,11074.0
2026-02-26,1564052,415911,26.5919,US_Israel_Iran,,,84005,11376,,33472,,,,7233.0,54.4356,798787.7,,41864.0,,,,,140913.0,11498.0,1032.0,9172.0,75346.0
2026-02-27,1533487,526146,34.3104,US_Israel_Iran,,,188999,8879,,30107,,,,5157.0,64.3727,968576.3,,44971.0,,,,,93350.0,94493.0,2417.0,11457.0,46316.0
2026-02-28,1523327,1945083,127.6865,US_Israel_Iran,,,114853,26263,,279044,,,,2766.0,71.7437,1103873.0,,392384.0,,,,,716507.0,249238.0,47927.0,32202.0,83899.0
2026-03-01,1410397,2005005,142.1589,US_Israel_Iran,,,121489,22359,,217790,,,,1097.0,77.8548,1208520.3,,415395.0,,,,,838662.0,311801.0,38857.0,35311.0,2244.0
2026-03-02,1637264,1399403,85.472,US_Israel_Iran,,,260556,63661,,122657,,,,2589.0,83.1645,1307416.7,,191219.0,,,,,528678.0,147371.0,42179.0,22039.0,18454.0
2026-03-03,1735356,1200254,69.1647,US_Israel_Iran,,,308322,79787,,87053,,,,8774.0,85.6606,1342111.9,,125739.0,,,,,429913.0,96558.0,21435.0,16631.0,26042.0
2026-03-04,1623919,967840,59.599,US_Israel_Iran,,,236464,43048,,57439,,,,11941.0,79.6972,1204979.7,,114565.0,,,,,363843.0,83492.0,29463.0,13505.0,14080.0
2026-03-05,1738067,1108186,63.7597,US_Israel_Iran,,,288436,40200,,120826,,,,17684.0,69.9703,1015483.4,,114245.0,,,,,396731.0,78908.0,10671.0,28831.0,11654.0
2026-03-06,1485050,769012,51.7836,US_Israel_Iran,,,192605,16968,,52725,,,,7331.0,64.9423,906910.1,,98474.0,,,,,282691.0,82558.0,16196.0,15262.0,4202.0
2026-03-07,1146297,985158,85.9426,US_Israel_Iran,,,248152,16564,,85973,,,,3462.0,60.6501,809560.7,,121792.0,,,,,360034.0,94962.0,29229.0,23485.0,1505.0
2026-03-08,916058,678531,74.0707,US_Israel_Iran,,,175149,13974,,50360,,,,927.0,57.1539,742369.9,,96501.0,,,,,246935.0,46609.0,28723.0,17317.0,2036.0
2026-03-09,1271760,639390,50.276,US_Israel_Iran,,,175079,30017,,44050,,,,6796.0,53.9189,668711.1,,62406.0,,,,,262349.0,27914.0,8301.0,18073.0,4405.0
2026-03-10,1326230,518808,39.119,US_Israel_Iran,,,168659,26151,,23058,,,,5687.0,52.2708,643718.9,,40409.0,,,,,197340.0,28941.0,2727.0,18281.0,7555.0
2026-03-11,1416355,497504,35.1257,US_Israel_Iran,,,157264,17104,,30743,,,,5056.0,47.204,571879.4,,36851.0,,,,,200298.0,28535.0,3484.0,14526.0,3643.0
2026-03-12,1441264,592575,41.115,US_Israel_Iran,,,153629,18683,,101729,,,,9721.0,43.8173,529403.1,,57191.0,,,,,206750.0,28761.0,5293.0,6550.0,4268.0
2026-03-13,1476074,594066,40.2464,US_Israel_Iran,,,132161,11290,,84105,,,,9032.0,41.8343,507977.1,,79702.0,,,,,200639.0,40143.0,20048.0,11672.0,5274.0
2026-03-14,955480,482282,50.4754,US_Israel_Iran,,,131421,9982,,48092,,,,2179.0,43.6013,551125.1,,39032.0,,,,,172323.0,48025.0,5649.0,24916.0,663.0
2026-03-15,756895,381197,50.3633,US_Israel_Iran,,,115911,5718,,36025,,,,1474.0,45.0408,574958.6,,40221.0,,,,,124274.0,21577.0,12420.0,14004.0,9573.0
2026-03-16,1344701,489408,36.3953,US_Israel_Iran,,,157584,10881,,35649,,,,29265.0,46.7538,598456.3,,50455.0,,,,,167442.0,23168.0,4743.0,6058.0,4163.0
2026-03-17,1594239,820844,51.4881,US_Israel_Iran,,,183322,9670,,51432,,,,24585.0,46.82,586511.3,,141976.0,,,,,241597.0,126813.0,33874.0,4257.0,3318.0
2026-03-18,1469699,664338,45.2023,US_Israel_Iran,,,153101,12707,,69119,,,,12440.0,48.1339,593237.1,,106267.0,,,,,226950.0,51003.0,3195.0,15086.0,14470.0
2026-03-19,1425560,757059,53.1061,US_Israel_Iran,,,172845,14806,,109451,,,,10447.0,50.7269,606933.4,,92193.0,,,,,269066.0,57907.0,14594.0,11216.0,4534.0
2026-03-20,1253878,510451,40.7098,US_Israel_Iran,,,141573,11257,,40582,,,,18373.0,50.8065,596428.0,,60848.0,,,,,169150.0,33975.0,18649.0,13813.0,2231.0
2026-03-21,887117,529363,59.6723,US_Israel_Iran,,,130465,10379,,29198,,,,2720.0,50.9242,584881.9,,39124.0,,,,,209232.0,45153.0,8049.0,21925.0,33118.0
2026-03-22,696311,477071,68.5141,US_Israel_Iran,,,83238,8540,,25552,,,,2050.0,49.4912,560696.3,,69805.0,,,,,170074.0,52501.0,6149.0,28157.0,31005.0
2026-03-23,1125399,415870,36.9531,US_Israel_Iran,,,104959,8605,,31579,,,,4998.0,48.7956,554656.7,,40918.0,,,,,177583.0,29960.0,4856.0,8774.0,3638.0
2026-03-24,1414638,740021,52.3117,US_Israel_Iran,,,184141,16639,,27793,,,,14223.0,48.302,552897.3,,118756.0,,,,,267761.0,45717.0,25732.0,31798.0,7461.0
2026-03-25,1407508,495039,35.1713,US_Israel_Iran,,,146075,7069,,27390,,,,6469.0,47.6886,545714.1,,40009.0,,,,,209072.0,34972.0,7180.0,6924.0,9879.0
2026-03-26,1481825,714782,48.2366,US_Israel_Iran,,,167192,17277,,46438,,,,10210.0,49.8161,580653.4,,74171.0,,,,,285220.0,28823.0,48407.0,19285.0,17759.0
2026-03-27,1337107,498135,37.2547,US_Israel_Iran,,,169952,15196,,24284,,,,5458.0,50.5104,596385.6,,45578.0,,,,,189024.0,30165.0,7996.0,6451.0,4031.0
2026-03-28,865095,479081,55.379,US_Israel_Iran,,,107619,22895,,45465,,,,4228.0,47.6983,554749.6,,80296.0,,,,,130364.0,28691.0,5996.0,43666.0,9861.0
2026-03-29,865221,721646,83.406,US_Israel_Iran,,,255276,12815,,55491,,,,2355.0,47.7801,560463.0,,104139.0,,,,,216733.0,32700.0,1417.0,38370.0,2350.0
2026-03-30,1257946,525995,41.8138,US_Israel_Iran,,,160861,7358,,19764,,,,7589.0,45.8489,521844.1,,55204.0,,,,,231969.0,29556.0,7954.0,3159.0,2581.0
2026-03-31,1374867,448569,32.6264,US_Israel_Iran,,,117971,13299,,43393,,,,6388.0,47.1041,527406.4,,50944.0,,,,,167190.0,22333.0,11200.0,5646.0,10205.0
2026-04-01,1496825,535033,35.7445,US_Israel_Iran,,,181974,11844,,45952,,,,26342.0,46.0349,509632.6,,52645.0,,,,,184032.0,21694.0,3176.0,4640.0,2734.0
2026-04-02,1280170,444450,34.718,US_Israel_Iran,,,149197,14534,,21181,,,,16097.0,40.7173,446751.3,,38525.0,,,,,167651.0,16330.0,5557.0,12350.0,3028.0
2026-04-03,1166509,537071,46.0409,US_Israel_Iran,,,134089,8354,,42694,,,,9595.0,41.4372,442941.3,,68782.0,,,,,200238.0,24061.0,29629.0,15827.0,3802.0
2026-04-04,740510,354664,47.8946,US_Israel_Iran,,,89966,6999,,28293,,,,5603.0,42.8277,462350.7,,21134.0,,,,,172744.0,17750.0,3944.0,4673.0,3558.0
2026-04-05,609480,281477,46.1831,US_Israel_Iran,,,61472,3227,,11409,,,,3574.0,46.951,551089.1,,28163.0,,,,,153154.0,14080.0,2259.0,2304.0,1835.0
2026-04-06,1065733,499325,46.8527,US_Israel_Iran,,,99947,6806,,36433,,,,5196.0,49.209,600581.9,,56096.0,,,,,229330.0,47573.0,12474.0,3314.0,2156.0
2026-04-07,1379674,584435,42.3604,US_Israel_Iran,,,152343,3699,,57556,,,,7597.0,48.5433,608274.4,,52478.0,,,,,268440.0,29159.0,4800.0,2402.0,5961.0
2026-04-08,1789577,1156202,64.6076,US_Israel_Iran,,,154044,20627,,75791,,,,25751.0,47.9263,616655.3,,184553.0,,,,,595742.0,58800.0,29120.0,9165.0,2609.0
2026-04-09,1565409,790899,50.5235,US_Israel_Iran,,,162302,7558,,57269,,,,59806.0,48.2028,636491.0,,137767.0,,,,,275364.0,73626.0,4399.0,7179.0,5629.0
2026-04-10,1427996,590919,41.381,US_Israel_Iran,,,154496,10139,,29487,,,,16237.0,45.4041,614183.0,,91325.0,,,,,242243.0,27166.0,10083.0,2733.0,7010.0
2026-04-11,948530,413330,43.5758,US_Israel_Iran,,,78731,9882,,15660,,,,6234.0,43.9456,597515.0,,51244.0,,,,,221823.0,24781.0,2458.0,1337.0,1180.0
2026-04-12,873521,420327,48.1187,US_Israel_Iran,,,68463,1738,,14215,,,,2814.0,38.8464,494985.1,,35485.0,,,,,270012.0,10105.0,3445.0,1272.0,12778.0
2026-04-13,1258784,343169,27.2619,US_Israel_Iran,,,100947,3674,,23256,,,,5581.0,37.1842,469042.9,,35686.0,,,,,153008.0,14268.0,1029.0,400.0,5320.0
2026-04-14,1454897,467759,32.1507,US_Israel_Iran,,,117521,4796,,31269,,,,10335.0,35.2227,439617.7,,110772.0,,,,,171483.0,8311.0,3787.0,1063.0,8422.0
2026-04-15,1516597,438493,28.913,US_Israel_Iran,,,127057,12132,,29166,,,,10363.0,33.5217,418624.6,,58615.0,,,,,180551.0,9883.0,3899.0,1695.0,5132.0
2026-04-16,1566809,609303,38.8881,US_Israel_Iran,,,148403,12866,,34639,,,,6354.0,32.57,402304.7,,130231.0,,,,,214984.0,11548.0,37732.0,9368.0,3178.0
2026-04-17,1392178,384943,27.6504,US_Israel_Iran,,,109835,6289,,32961,,,,12727.0,33.1671,408039.0,,100130.0,,,,,107446.0,3739.0,519.0,5520.0,5777.0
2026-04-18,841134,266378,31.6689,US_Israel_Iran,,,62412,6420,,33077,,,,6138.0,33.0872,403804.9,,17790.0,,,,,125333.0,4744.0,8131.0,761.0,1572.0
2026-04-19,738322,306088,41.4573,US_Israel_Iran,,,76681,2408,,23787,,,,2619.0,32.7542,392099.7,,24335.0,,,,,149383.0,5334.0,8199.0,11609.0,1733.0
2026-04-20,1219130,383309,31.4412,US_Israel_Iran,,,86620,6692,,20946,,,,4250.0,30.8728,357257.4,,32463.0,,,,,201516.0,7468.0,16951.0,3983.0,2420.0
2026-04-21,1386836,438120,31.5913,US_Israel_Iran,,,110995,4237,,16901,,,,11539.0,31.4099,352643.2,,39783.0,,,,,229863.0,6243.0,10583.0,2268.0,5708.0
2026-04-22,1341349,356557,26.582,US_Israel_Iran,,,76292,8264,,36754,,,,5586.0,31.3581,369896.2,,35749.0,,,,,158770.0,9398.0,18819.0,2639.0,4286.0
2026-04-23,1420794,365407,25.7185,US_Israel_Iran,,,105301,4277,,28502,,,,5790.0,28.8332,385848.2,,61272.0,,,,,124426.0,17738.0,6313.0,690.0,11098.0
